{"cameraMode":{"drawMode":0,"name":"Shaded","section":"Shading Mode"},"sceneLighting":false,"audioPlay":false,"sceneViewState":{"showFog":false,"showMaterialUpdate":false,"showSkybox":false,"showFlares":true,"showImageEffects":true,"showParticleSystems":true},"in2DMode":false,"pivot":{"x":-0.000004887580871582031,"y":0.4166416823863983,"z":5.364418029785156e-7},"rotation":{"x":0.44571244716644289,"y":0.00993811059743166,"z":-0.004948767367750406,"w":0.8951080441474915},"size":4.9965901374816898,"orthographic":false}