{"cameraMode":{"drawMode":0,"name":"Shaded","section":"Shading Mode"},"sceneLighting":true,"audioPlay":false,"sceneViewState":{"showFog":false,"showMaterialUpdate":false,"showSkybox":false,"showFlares":true,"showImageEffects":true,"showParticleSystems":true},"in2DMode":false,"pivot":{"x":0.4296470880508423,"y":1.5044021606445313,"z":0.12395475804805756},"rotation":{"x":0.059935908764600757,"y":0.030542423948645593,"z":-0.0018349789315834642,"w":0.9977350234985352},"size":5.858196258544922,"orthographic":false}