{"cameraMode":{"drawMode":0,"name":"Shaded","section":"Shading Mode"},"sceneLighting":true,"audioPlay":false,"sceneViewState":{"showFog":true,"showMaterialUpdate":false,"showSkybox":false,"showFlares":true,"showImageEffects":true,"showParticleSystems":true},"in2DMode":false,"pivot":{"x":-0.6036459803581238,"y":0.9325252771377564,"z":0.5632111430168152},"rotation":{"x":0.09142569452524185,"y":0.6478623151779175,"z":-0.07866410911083222,"w":0.7521992921829224},"size":7.664794445037842,"orthographic":false}