{"cameraMode":{"drawMode":0,"name":"Shaded","section":"Shading Mode"},"sceneLighting":true,"audioPlay":false,"sceneViewState":{"showFog":false,"showMaterialUpdate":false,"showSkybox":false,"showFlares":true,"showImageEffects":true,"showParticleSystems":true},"in2DMode":false,"pivot":{"x":-0.002080084988847375,"y":0.8424440026283264,"z":-0.11644970625638962},"rotation":{"x":0.5128480792045593,"y":0.0018045890610665084,"z":-0.001078346511349082,"w":0.8584781289100647},"size":7.321933269500732,"orthographic":false}