{"cameraMode":{"drawMode":0,"name":"Shaded","section":"Shading Mode"},"sceneLighting":false,"audioPlay":false,"sceneViewState":{"showFog":true,"showMaterialUpdate":false,"showSkybox":false,"showFlares":true,"showImageEffects":true,"showParticleSystems":true},"in2DMode":false,"pivot":{"x":0.0,"y":1.4900000095367432,"z":-2.384185791015625e-7},"rotation":{"x":0.08123020827770233,"y":0.7101225256919861,"z":-0.08301080763339997,"w":0.6945112347602844},"size":15.570828437805176,"orthographic":false}