{"cameraMode":{"drawMode":0,"name":"Shaded","section":"Shading Mode"},"sceneLighting":true,"audioPlay":false,"sceneViewState":{"showFog":false,"showMaterialUpdate":false,"showSkybox":false,"showFlares":true,"showImageEffects":true,"showParticleSystems":true},"in2DMode":false,"pivot":{"x":2.384185791015625e-7,"y":2.7357921600341799,"z":-2.384185791015625e-7},"rotation":{"x":0.1792890727519989,"y":0.02212863229215145,"z":-0.004033823497593403,"w":0.9835404753684998},"size":34.399600982666019,"orthographic":false}