{"cameraMode":{"drawMode":0,"name":"Shaded","section":"Shading Mode"},"sceneLighting":false,"audioPlay":false,"sceneViewState":{"showFog":true,"showMaterialUpdate":false,"showSkybox":false,"showFlares":true,"showImageEffects":true,"showParticleSystems":true},"in2DMode":false,"pivot":{"x":0.0000029802322387695314,"y":0.41664400696754458,"z":-2.384185791015625e-7},"rotation":{"x":0.7028533816337586,"y":0.0032070179004222156,"z":-0.0031556610483676197,"w":0.7113374471664429},"size":5.316741943359375,"orthographic":false}