{"cameraMode":{"drawMode":0,"name":"Shaded","section":"Shading Mode"},"sceneLighting":false,"audioPlay":false,"sceneViewState":{"showFog":true,"showMaterialUpdate":false,"showSkybox":false,"showFlares":true,"showImageEffects":true,"showParticleSystems":true},"in2DMode":false,"pivot":{"x":0.00000762939453125,"y":-0.5,"z":-9.5367431640625e-7},"rotation":{"x":0.689904510974884,"y":0.006514756940305233,"z":-0.006209340877830982,"w":0.7238426804542542},"size":23.39360237121582,"orthographic":true}