{"cameraMode":{"drawMode":0,"name":"Shaded","section":"Shading Mode"},"sceneLighting":false,"audioPlay":false,"sceneViewState":{"showFog":false,"showMaterialUpdate":false,"showSkybox":false,"showFlares":true,"showImageEffects":true,"showParticleSystems":true},"in2DMode":false,"pivot":{"x":1.9882022142410279,"y":7.29436731338501,"z":-0.06516197323799133},"rotation":{"x":0.0003094286366831511,"y":0.028491221368312837,"z":-0.000008586547664890531,"w":0.9995971918106079},"size":33.00709915161133,"orthographic":false}