{"cameraMode":{"drawMode":0,"name":"Shaded","section":"Shading Mode"},"sceneLighting":false,"audioPlay":false,"sceneViewState":{"showFog":true,"showMaterialUpdate":false,"showSkybox":false,"showFlares":true,"showImageEffects":true,"showParticleSystems":true},"in2DMode":false,"pivot":{"x":2.384185791015625e-7,"y":0.41663819551467898,"z":0.0},"rotation":{"x":0.1502222716808319,"y":-0.037063710391521457,"z":0.005652693100273609,"w":0.987953245639801},"size":3.987772226333618,"orthographic":false}