{"cameraMode":{"drawMode":0,"name":"Shaded","section":"Shading Mode"},"sceneLighting":false,"audioPlay":false,"sceneViewState":{"showFog":false,"showMaterialUpdate":false,"showSkybox":false,"showFlares":true,"showImageEffects":true,"showParticleSystems":true},"in2DMode":false,"pivot":{"x":-0.06831726431846619,"y":0.5251398086547852,"z":0.18542367219924928},"rotation":{"x":0.5128480792045593,"y":0.0018045890610665084,"z":-0.001078346511349082,"w":0.8584781289100647},"size":2.82029390335083,"orthographic":false}