{"cameraMode":{"drawMode":0,"name":"Shaded","section":"Shading Mode"},"sceneLighting":false,"audioPlay":false,"sceneViewState":{"showFog":false,"showMaterialUpdate":false,"showSkybox":false,"showFlares":true,"showImageEffects":true,"showParticleSystems":true},"in2DMode":false,"pivot":{"x":-1.6834392547607422,"y":0.7040257453918457,"z":-3.0902719497680666},"rotation":{"x":0.45828574895858767,"y":0.031983960419893268,"z":-0.01650548353791237,"w":0.8880789875984192},"size":3.912283182144165,"orthographic":false}