{"cameraMode":{"drawMode":0,"name":"Shaded","section":"Shading Mode"},"sceneLighting":false,"audioPlay":false,"sceneViewState":{"showFog":false,"showMaterialUpdate":false,"showSkybox":false,"showFlares":true,"showImageEffects":true,"showParticleSystems":true},"in2DMode":false,"pivot":{"x":-0.13549119234085084,"y":-0.30705636739730837,"z":-0.46367472410202029},"rotation":{"x":0.20136524736881257,"y":-0.02351081371307373,"z":0.004834671039134264,"w":0.979229211807251},"size":53.24844741821289,"orthographic":false}