{"cameraMode":{"drawMode":0,"name":"Shaded","section":"Shading Mode"},"sceneLighting":false,"audioPlay":false,"sceneViewState":{"showFog":false,"showMaterialUpdate":false,"showSkybox":false,"showFlares":true,"showImageEffects":true,"showParticleSystems":true},"in2DMode":false,"pivot":{"x":4.342363357543945,"y":2.1041910648345949,"z":-0.3242727518081665},"rotation":{"x":0.28936561942100527,"y":-0.11594189703464508,"z":0.035333406180143359,"w":0.9495149254798889},"size":17.315216064453126,"orthographic":false}