{"cameraMode":{"drawMode":0,"name":"Shaded","section":"Shading Mode"},"sceneLighting":true,"audioPlay":false,"sceneViewState":{"showFog":false,"showMaterialUpdate":false,"showSkybox":false,"showFlares":true,"showImageEffects":true,"showParticleSystems":true},"in2DMode":false,"pivot":{"x":0.050142496824264529,"y":1.6410140991210938,"z":0.061803340911865237},"rotation":{"x":0.059935908764600757,"y":0.030542423948645593,"z":-0.0018349789315834642,"w":0.9977350234985352},"size":7.062315464019775,"orthographic":false}