{"cameraMode":{"drawMode":0,"name":"Shaded","section":"Shading Mode"},"sceneLighting":false,"audioPlay":false,"sceneViewState":{"showFog":false,"showMaterialUpdate":false,"showSkybox":false,"showFlares":true,"showImageEffects":true,"showParticleSystems":true},"in2DMode":false,"pivot":{"x":-3.34072208404541,"y":7.210000038146973,"z":1.410918116569519},"rotation":{"x":0.33745989203453066,"y":-0.07332605123519898,"z":0.02637822926044464,"w":0.9381130337715149},"size":34.29343795776367,"orthographic":false}