{"cameraMode":{"drawMode":0,"name":"Shaded","section":"Shading Mode"},"sceneLighting":false,"audioPlay":false,"sceneViewState":{"showFog":false,"showMaterialUpdate":false,"showSkybox":false,"showFlares":true,"showImageEffects":true,"showParticleSystems":true},"in2DMode":false,"pivot":{"x":-44.445152282714847,"y":873.3355102539063,"z":-1342.4178466796875},"rotation":{"x":0.27971115708351138,"y":-0.006622454151511192,"z":0.0019291661446914077,"w":0.9600603580474854},"size":1.2000572681427003,"orthographic":false}