{"cameraMode":{"drawMode":0,"name":"Shaded","section":"Shading Mode"},"sceneLighting":false,"audioPlay":false,"sceneViewState":{"showFog":false,"showMaterialUpdate":false,"showSkybox":false,"showFlares":true,"showImageEffects":true,"showParticleSystems":true},"in2DMode":false,"pivot":{"x":-2.0062625408172609,"y":3.6472158432006838,"z":-0.9447898864746094},"rotation":{"x":0.1021241545677185,"y":-0.011941401287913323,"z":0.001228534267283976,"w":0.994703471660614},"size":26.003131866455079,"orthographic":false}