{"cameraMode":{"drawMode":0,"name":"Shaded","section":"Shading Mode"},"sceneLighting":true,"audioPlay":false,"sceneViewState":{"showFog":false,"showMaterialUpdate":false,"showSkybox":false,"showFlares":true,"showImageEffects":true,"showParticleSystems":true},"in2DMode":false,"pivot":{"x":2.789811372756958,"y":0.4122103154659271,"z":2.472823143005371},"rotation":{"x":0.27339836955070498,"y":-0.666864275932312,"z":0.28944361209869387,"w":0.6298972368240356},"size":11.70108413696289,"orthographic":false}