{"cameraMode":{"drawMode":0,"name":"Shaded","section":"Shading Mode"},"sceneLighting":false,"audioPlay":false,"sceneViewState":{"showFog":false,"showMaterialUpdate":false,"showSkybox":false,"showFlares":true,"showImageEffects":true,"showParticleSystems":true},"in2DMode":false,"pivot":{"x":5.344290733337402,"y":11.43027114868164,"z":0.6471290588378906},"rotation":{"x":0.010804240591824055,"y":0.029989052563905717,"z":-0.0003240854712203145,"w":0.9994956254959106},"size":45.35563278198242,"orthographic":false}