{"cameraMode":{"drawMode":0,"name":"Shaded","section":"Shading Mode"},"sceneLighting":false,"audioPlay":false,"sceneViewState":{"showFog":true,"showMaterialUpdate":false,"showSkybox":false,"showFlares":true,"showImageEffects":true,"showParticleSystems":true},"in2DMode":false,"pivot":{"x":0.00000762939453125,"y":-1.1368683772161603e-13,"z":-9.5367431640625e-7},"rotation":{"x":0.22102023661136628,"y":-0.7333382964134216,"z":0.2800649404525757,"w":0.5787345767021179},"size":23.33452606201172,"orthographic":false}