{"cameraMode":{"drawMode":0,"name":"Shaded","section":"Shading Mode"},"sceneLighting":false,"audioPlay":false,"sceneViewState":{"showFog":false,"showMaterialUpdate":false,"showSkybox":false,"showFlares":true,"showImageEffects":true,"showParticleSystems":true},"in2DMode":false,"pivot":{"x":0.0,"y":1.5380003452301026,"z":-4.76837158203125e-7},"rotation":{"x":0.5128480792045593,"y":0.0018045890610665084,"z":-0.001078346511349082,"w":0.8584781289100647},"size":26.26561164855957,"orthographic":false}