{"cameraMode":{"drawMode":0,"name":"Shaded","section":"Shading Mode"},"sceneLighting":false,"audioPlay":false,"sceneViewState":{"showFog":true,"showMaterialUpdate":false,"showSkybox":false,"showFlares":true,"showImageEffects":true,"showParticleSystems":true},"in2DMode":false,"pivot":{"x":-0.3280380964279175,"y":6.7351179122924809,"z":-1.8269100189208985},"rotation":{"x":0.09803199023008347,"y":-0.06562910228967667,"z":0.006490244530141354,"w":0.9930516481399536},"size":20.745859146118165,"orthographic":false}