{"cameraMode":{"drawMode":0,"name":"Shaded","section":"Shading Mode"},"sceneLighting":false,"audioPlay":false,"sceneViewState":{"showFog":false,"showMaterialUpdate":false,"showSkybox":false,"showFlares":true,"showImageEffects":true,"showParticleSystems":true},"in2DMode":false,"pivot":{"x":0.6005262732505798,"y":-5.8821702003479,"z":10.732022285461426},"rotation":{"x":0.26952990889549258,"y":0.0251326784491539,"z":-0.007037191651761532,"w":0.9626390933990479},"size":3.5857880115509035,"orthographic":false}