{"cameraMode":{"drawMode":0,"name":"Shaded","section":"Shading Mode"},"sceneLighting":false,"audioPlay":false,"sceneViewState":{"showFog":true,"showMaterialUpdate":false,"showSkybox":false,"showFlares":true,"showImageEffects":true,"showParticleSystems":true},"in2DMode":false,"pivot":{"x":0.007803499698638916,"y":0.17547494173049928,"z":0.03983044624328613},"rotation":{"x":0.7109856009483337,"y":-0.04417682811617851,"z":0.04485936090350151,"w":0.7003998756408691},"size":2.8903002738952638,"orthographic":false}