{"cameraMode":{"drawMode":0,"name":"Shaded","section":"Shading Mode"},"sceneLighting":false,"audioPlay":false,"sceneViewState":{"showFog":false,"showMaterialUpdate":false,"showSkybox":false,"showFlares":true,"showImageEffects":true,"showParticleSystems":true},"in2DMode":false,"pivot":{"x":9.5367431640625e-7,"y":2.8682308197021486,"z":-0.5952548980712891},"rotation":{"x":0.1837303638458252,"y":-0.01769743114709854,"z":0.003308361629024148,"w":0.9828181266784668},"size":32.037113189697269,"orthographic":false}