{"cameraMode":{"drawMode":0,"name":"Shaded","section":"Shading Mode"},"sceneLighting":false,"audioPlay":false,"sceneViewState":{"showFog":true,"showMaterialUpdate":false,"showSkybox":false,"showFlares":true,"showImageEffects":true,"showParticleSystems":true},"in2DMode":false,"pivot":{"x":-0.0001678466796875,"y":-0.5000009536743164,"z":0.0},"rotation":{"x":0.689904510974884,"y":0.006514756940305233,"z":-0.006209340877830982,"w":0.7238426804542542},"size":23.393199920654298,"orthographic":true}