{"cameraMode":{"drawMode":0,"name":"Shaded","section":"Shading Mode"},"sceneLighting":false,"audioPlay":false,"sceneViewState":{"showFog":true,"showMaterialUpdate":false,"showSkybox":false,"showFlares":true,"showImageEffects":true,"showParticleSystems":true},"in2DMode":false,"pivot":{"x":-0.0000026226043701171877,"y":0.4166378080844879,"z":-2.384185791015625e-7},"rotation":{"x":0.17721441388130189,"y":0.2706786096096039,"z":-0.050760578364133838,"w":0.9448681473731995},"size":5.226244926452637,"orthographic":false}