{"cameraMode":{"drawMode":0,"name":"Shaded","section":"Shading Mode"},"sceneLighting":false,"audioPlay":false,"sceneViewState":{"showFog":false,"showMaterialUpdate":false,"showSkybox":false,"showFlares":true,"showImageEffects":true,"showParticleSystems":true},"in2DMode":false,"pivot":{"x":-0.02983987331390381,"y":1.4538953304290772,"z":0.11830556392669678},"rotation":{"x":-0.00479686027392745,"y":-0.07283776253461838,"z":0.00035000761272385716,"w":-0.9973360300064087},"size":7.446266174316406,"orthographic":true}