{"cameraMode":{"drawMode":0,"name":"Shaded","section":"Shading Mode"},"sceneLighting":false,"audioPlay":false,"sceneViewState":{"showFog":false,"showMaterialUpdate":false,"showSkybox":false,"showFlares":true,"showImageEffects":true,"showParticleSystems":true},"in2DMode":false,"pivot":{"x":12.199999809265137,"y":80.9000015258789,"z":-80.80000305175781},"rotation":{"x":0.586231529712677,"y":-0.0012159338220953942,"z":0.0008793750312179327,"w":0.8101451992988586},"size":22.0,"orthographic":false}