{"cameraMode":{"drawMode":0,"name":"Shaded","section":"Shading Mode"},"sceneLighting":false,"audioPlay":false,"sceneViewState":{"showFog":true,"showMaterialUpdate":false,"showSkybox":false,"showFlares":true,"showImageEffects":true,"showParticleSystems":true},"in2DMode":false,"pivot":{"x":-0.02941441535949707,"y":2.48871111869812,"z":0.12656104564666749},"rotation":{"x":0.28860926628112795,"y":-0.0616995133459568,"z":0.018651163205504419,"w":0.9552879929542542},"size":10.838827133178711,"orthographic":false}