{"cameraMode":{"drawMode":0,"name":"Shaded","section":"Shading Mode"},"sceneLighting":false,"audioPlay":false,"sceneViewState":{"showFog":false,"showMaterialUpdate":false,"showSkybox":false,"showFlares":true,"showImageEffects":true,"showParticleSystems":true},"in2DMode":false,"pivot":{"x":0.0,"y":-0.27675771713256838,"z":-4.76837158203125e-7},"rotation":{"x":0.21285881102085114,"y":-0.0008772522560320795,"z":0.00019084164523519576,"w":0.9770837426185608},"size":8.497916221618653,"orthographic":false}