{"cameraMode":{"drawMode":0,"name":"Shaded","section":"Shading Mode"},"sceneLighting":true,"audioPlay":false,"sceneViewState":{"showFog":false,"showMaterialUpdate":false,"showSkybox":true,"showFlares":true,"showImageEffects":true,"showParticleSystems":true},"in2DMode":false,"pivot":{"x":61.89876937866211,"y":28.280364990234376,"z":-339.8455810546875},"rotation":{"x":0.007190094329416752,"y":-0.009902306832373143,"z":-0.0000710073800291866,"w":-0.9999260902404785},"size":1313.321044921875,"orthographic":false}