{"cameraMode":{"drawMode":0,"name":"Shaded","section":"Shading Mode"},"sceneLighting":false,"audioPlay":false,"sceneViewState":{"showFog":false,"showMaterialUpdate":false,"showSkybox":false,"showFlares":true,"showImageEffects":true,"showParticleSystems":true},"in2DMode":false,"pivot":{"x":1.0416016578674317,"y":10.4314546585083,"z":-6.457550048828125},"rotation":{"x":0.4244026839733124,"y":0.005428798031061888,"z":-0.0025435653515160085,"w":0.9054558277130127},"size":30.284852981567384,"orthographic":false}