{"cameraMode":{"drawMode":0,"name":"Shaded","section":"Shading Mode"},"sceneLighting":false,"audioPlay":false,"sceneViewState":{"showFog":false,"showMaterialUpdate":false,"showSkybox":false,"showFlares":true,"showImageEffects":true,"showParticleSystems":true},"in2DMode":false,"pivot":{"x":0.0,"y":4.429220199584961,"z":-4.76837158203125e-7},"rotation":{"x":0.45828574895858767,"y":0.031983960419893268,"z":-0.01650548353791237,"w":0.8880789875984192},"size":26.967159271240236,"orthographic":false}