{"cameraMode":{"drawMode":0,"name":"Shaded","section":"Shading Mode"},"sceneLighting":true,"audioPlay":false,"sceneViewState":{"showFog":false,"showMaterialUpdate":false,"showSkybox":false,"showFlares":true,"showImageEffects":true,"showParticleSystems":true},"in2DMode":false,"pivot":{"x":0.31299272179603579,"y":1.9388515949249268,"z":-0.5721897482872009},"rotation":{"x":0.5128480792045593,"y":0.0018045890610665084,"z":-0.001078346511349082,"w":0.8584781289100647},"size":7.286242485046387,"orthographic":false}