{"cameraMode":{"drawMode":0,"name":"Shaded","section":"Shading Mode"},"sceneLighting":false,"audioPlay":false,"sceneViewState":{"showFog":true,"showMaterialUpdate":false,"showSkybox":false,"showFlares":true,"showImageEffects":true,"showParticleSystems":true},"in2DMode":false,"pivot":{"x":0.000013828277587890625,"y":3.0211989879608156,"z":0.0},"rotation":{"x":0.28860926628112795,"y":-0.0616995133459568,"z":0.018651163205504419,"w":0.9552879929542542},"size":20.18573570251465,"orthographic":false}