{"cameraMode":{"drawMode":0,"name":"Shaded","section":"Shading Mode"},"sceneLighting":false,"audioPlay":false,"sceneViewState":{"showFog":true,"showMaterialUpdate":false,"showSkybox":false,"showFlares":true,"showImageEffects":true,"showParticleSystems":true},"in2DMode":false,"pivot":{"x":1.5529406070709229,"y":3.6207528114318849,"z":-0.5151506662368774},"rotation":{"x":0.04588354751467705,"y":0.010495868511497975,"z":-0.0004750835651066154,"w":0.9989463090896606},"size":32.918277740478519,"orthographic":false}