{"cameraMode":{"drawMode":0,"name":"Shaded","section":"Shading Mode"},"sceneLighting":false,"audioPlay":false,"sceneViewState":{"showFog":true,"showMaterialUpdate":false,"showSkybox":false,"showFlares":true,"showImageEffects":true,"showParticleSystems":true},"in2DMode":false,"pivot":{"x":0.000011920928955078125,"y":2.8675308227539064,"z":0.0},"rotation":{"x":0.3291235864162445,"y":0.015602348372340203,"z":-0.005383673589676619,"w":0.9442104697227478},"size":17.24806022644043,"orthographic":true}