{"cameraMode":{"drawMode":0,"name":"Shaded","section":"Shading Mode"},"sceneLighting":false,"audioPlay":false,"sceneViewState":{"showFog":false,"showMaterialUpdate":false,"showSkybox":false,"showFlares":true,"showImageEffects":true,"showParticleSystems":true},"in2DMode":false,"pivot":{"x":1.2326948642730713,"y":1.791062355041504,"z":-0.18844625353813172},"rotation":{"x":0.22615936398506165,"y":-0.03798314556479454,"z":0.00882580503821373,"w":0.973311185836792},"size":36.91572189331055,"orthographic":false}