{"cameraMode":{"drawMode":0,"name":"Shaded","section":"Shading Mode"},"sceneLighting":false,"audioPlay":false,"sceneViewState":{"showFog":false,"showMaterialUpdate":false,"showSkybox":false,"showFlares":true,"showImageEffects":true,"showParticleSystems":true},"in2DMode":false,"pivot":{"x":0.0,"y":4.500000953674316,"z":-4.76837158203125e-7},"rotation":{"x":0.1319093406200409,"y":0.014863753691315651,"z":-0.001977918902412057,"w":0.9911503791809082},"size":49.458961486816409,"orthographic":false}