{"cameraMode":{"drawMode":0,"name":"Shaded","section":"Shading Mode"},"sceneLighting":false,"audioPlay":false,"sceneViewState":{"showFog":true,"showMaterialUpdate":false,"showSkybox":false,"showFlares":true,"showImageEffects":true,"showParticleSystems":true},"in2DMode":false,"pivot":{"x":0.15803620219230653,"y":0.33367297053337099,"z":0.1493445187807083},"rotation":{"x":0.37407514452934267,"y":0.009746521711349488,"z":-0.003923618700355291,"w":0.9273974895477295},"size":6.000058174133301,"orthographic":false}