{"cameraMode":{"drawMode":0,"name":"Shaded","section":"Shading Mode"},"sceneLighting":false,"audioPlay":false,"sceneViewState":{"showFog":false,"showMaterialUpdate":false,"showSkybox":false,"showFlares":true,"showImageEffects":true,"showParticleSystems":true},"in2DMode":false,"pivot":{"x":-1.4541785717010499,"y":5.2469048500061039,"z":-0.09584999084472656},"rotation":{"x":0.1555735021829605,"y":-0.035558395087718967,"z":0.0056038666516542439,"w":0.9871726036071777},"size":28.588708877563478,"orthographic":false}