{"cameraMode":{"drawMode":0,"name":"Shaded","section":"Shading Mode"},"sceneLighting":true,"audioPlay":false,"sceneViewState":{"showFog":true,"showMaterialUpdate":false,"showSkybox":false,"showFlares":true,"showImageEffects":true,"showParticleSystems":true},"in2DMode":false,"pivot":{"x":-0.49007877707481387,"y":0.5636160373687744,"z":-0.03252894803881645},"rotation":{"x":0.1305004358291626,"y":0.6296316385269165,"z":-0.10829529911279679,"w":0.758209764957428},"size":2.7740561962127687,"orthographic":false}