{"cameraMode":{"drawMode":0,"name":"Shaded","section":"Shading Mode"},"sceneLighting":false,"audioPlay":false,"sceneViewState":{"showFog":false,"showMaterialUpdate":false,"showSkybox":false,"showFlares":true,"showImageEffects":true,"showParticleSystems":true},"in2DMode":false,"pivot":{"x":2.384185791015625e-7,"y":2.7357921600341799,"z":-2.384185791015625e-7},"rotation":{"x":0.16578176617622376,"y":-0.054706308990716937,"z":0.009211231954395771,"w":0.984603762626648},"size":35.94758224487305,"orthographic":false}