{"cameraMode":{"drawMode":0,"name":"Shaded","section":"Shading Mode"},"sceneLighting":false,"audioPlay":false,"sceneViewState":{"showFog":false,"showMaterialUpdate":false,"showSkybox":false,"showFlares":true,"showImageEffects":true,"showParticleSystems":true},"in2DMode":false,"pivot":{"x":0.7050461769104004,"y":2.249009609222412,"z":0.3457822799682617},"rotation":{"x":-0.00479686027392745,"y":-0.07283776253461838,"z":0.00035000761272385716,"w":-0.9973360300064087},"size":18.491724014282228,"orthographic":true}