{"cameraMode":{"drawMode":0,"name":"Shaded","section":"Shading Mode"},"sceneLighting":false,"audioPlay":false,"sceneViewState":{"showFog":true,"showMaterialUpdate":false,"showSkybox":false,"showFlares":true,"showImageEffects":true,"showParticleSystems":true},"in2DMode":false,"pivot":{"x":0.0,"y":0.7500000596046448,"z":-1.1920928955078126e-7},"rotation":{"x":0.09183944016695023,"y":0.6995124220848084,"z":-0.09135932475328446,"w":0.7028594613075256},"size":6.615141868591309,"orthographic":false}