{"cameraMode":{"drawMode":0,"name":"Shaded","section":"Shading Mode"},"sceneLighting":false,"audioPlay":false,"sceneViewState":{"showFog":true,"showMaterialUpdate":false,"showSkybox":false,"showFlares":true,"showImageEffects":true,"showParticleSystems":true},"in2DMode":false,"pivot":{"x":0.0,"y":3.4980602264404299,"z":-0.39536619186401369},"rotation":{"x":0.18757566809654237,"y":-0.1449684202671051,"z":0.028002148494124414,"w":0.9710924625396729},"size":19.03708839416504,"orthographic":false}