{"cameraMode":{"drawMode":0,"name":"Shaded","section":"Shading Mode"},"sceneLighting":false,"audioPlay":false,"sceneViewState":{"showFog":false,"showMaterialUpdate":false,"showSkybox":false,"showFlares":true,"showImageEffects":true,"showParticleSystems":true},"in2DMode":false,"pivot":{"x":0.7524241805076599,"y":-0.11324214190244675,"z":-0.8285164833068848},"rotation":{"x":0.28936561942100527,"y":-0.11594189703464508,"z":0.035333406180143359,"w":0.9495149254798889},"size":8.822528839111329,"orthographic":false}