{"cameraMode":{"drawMode":0,"name":"Shaded","section":"Shading Mode"},"sceneLighting":false,"audioPlay":false,"sceneViewState":{"showFog":true,"showMaterialUpdate":false,"showSkybox":false,"showFlares":true,"showImageEffects":true,"showParticleSystems":true},"in2DMode":false,"pivot":{"x":4.3213367462158205e-7,"y":0.0,"z":4.172325134277344e-7},"rotation":{"x":0.18757566809654237,"y":-0.1449684202671051,"z":0.028002148494124414,"w":0.9710924625396729},"size":3.9894654750823976,"orthographic":false}