{"cameraMode":{"drawMode":0,"name":"Shaded","section":"Shading Mode"},"sceneLighting":true,"audioPlay":false,"sceneViewState":{"showFog":false,"showMaterialUpdate":false,"showSkybox":false,"showFlares":true,"showImageEffects":true,"showParticleSystems":true},"in2DMode":false,"pivot":{"x":0.19752711057662965,"y":7.913527965545654,"z":1.353614091873169},"rotation":{"x":0.1792890727519989,"y":0.02212863229215145,"z":-0.004033823497593403,"w":0.9835404753684998},"size":34.786128997802737,"orthographic":false}