{"cameraMode":{"drawMode":0,"name":"Shaded","section":"Shading Mode"},"sceneLighting":false,"audioPlay":false,"sceneViewState":{"showFog":true,"showMaterialUpdate":false,"showSkybox":false,"showFlares":true,"showImageEffects":true,"showParticleSystems":true},"in2DMode":false,"pivot":{"x":0.0,"y":0.7500000596046448,"z":-1.1920928955078126e-7},"rotation":{"x":0.11907327175140381,"y":0.6630141139030457,"z":-0.10792911797761917,"w":0.731227457523346},"size":6.615141868591309,"orthographic":false}