{"cameraMode":{"drawMode":0,"name":"Shaded","section":"Shading Mode"},"sceneLighting":false,"audioPlay":false,"sceneViewState":{"showFog":false,"showMaterialUpdate":false,"showSkybox":false,"showFlares":true,"showImageEffects":true,"showParticleSystems":true},"in2DMode":false,"pivot":{"x":1360.66748046875,"y":3779.438720703125,"z":-2533.739990234375},"rotation":{"x":0.5128480792045593,"y":0.0018045890610665084,"z":-0.001078346511349082,"w":0.8584781289100647},"size":3.3000569343566896,"orthographic":false}