{"cameraMode":{"drawMode":0,"name":"Shaded","section":"Shading Mode"},"sceneLighting":false,"audioPlay":false,"sceneViewState":{"showFog":true,"showMaterialUpdate":false,"showSkybox":false,"showFlares":true,"showImageEffects":true,"showParticleSystems":true},"in2DMode":false,"pivot":{"x":-9.5367431640625e-7,"y":8.120355606079102,"z":0.0},"rotation":{"x":0.3178083300590515,"y":-0.0014127176254987717,"z":0.0004849206015933305,"w":0.9482107758522034},"size":32.96312713623047,"orthographic":false}