{"cameraMode":{"drawMode":0,"name":"Shaded","section":"Shading Mode"},"sceneLighting":false,"audioPlay":false,"sceneViewState":{"showFog":false,"showMaterialUpdate":false,"showSkybox":false,"showFlares":true,"showImageEffects":true,"showParticleSystems":true},"in2DMode":false,"pivot":{"x":-0.03499174118041992,"y":0.24494260549545289,"z":0.0},"rotation":{"x":0.1110784113407135,"y":0.005957648158073425,"z":-0.0006686062552034855,"w":0.9937970042228699},"size":9.611161231994629,"orthographic":false}