{"cameraMode":{"drawMode":0,"name":"Shaded","section":"Shading Mode"},"sceneLighting":false,"audioPlay":false,"sceneViewState":{"showFog":false,"showMaterialUpdate":false,"showSkybox":false,"showFlares":true,"showImageEffects":true,"showParticleSystems":true},"in2DMode":false,"pivot":{"x":2.384185791015625e-7,"y":2.7357921600341799,"z":-2.384185791015625e-7},"rotation":{"x":0.1880788654088974,"y":-0.03240947797894478,"z":0.006209755316376686,"w":0.981601357460022},"size":46.81310272216797,"orthographic":false}