{"cameraMode":{"drawMode":0,"name":"Shaded","section":"Shading Mode"},"sceneLighting":false,"audioPlay":false,"sceneViewState":{"showFog":true,"showMaterialUpdate":false,"showSkybox":false,"showFlares":true,"showImageEffects":true,"showParticleSystems":true},"in2DMode":false,"pivot":{"x":0.0,"y":2.87548828125,"z":-0.13580083847045899},"rotation":{"x":0.24731770157814027,"y":-0.004352725110948086,"z":0.0011179635766893626,"w":0.9689804911613464},"size":32.30440139770508,"orthographic":false}