{"cameraMode":{"drawMode":0,"name":"Shaded","section":"Shading Mode"},"sceneLighting":true,"audioPlay":false,"sceneViewState":{"showFog":false,"showMaterialUpdate":false,"showSkybox":false,"showFlares":true,"showImageEffects":true,"showParticleSystems":true},"in2DMode":false,"pivot":{"x":-0.3851380944252014,"y":3.733825445175171,"z":0.48875778913497927},"rotation":{"x":0.16451646387577058,"y":0.02218662016093731,"z":-0.003701425390318036,"w":0.9861185550689697},"size":29.282943725585939,"orthographic":false}