{"cameraMode":{"drawMode":0,"name":"Shaded","section":"Shading Mode"},"sceneLighting":false,"audioPlay":false,"sceneViewState":{"showFog":true,"showMaterialUpdate":false,"showSkybox":false,"showFlares":true,"showImageEffects":true,"showParticleSystems":true},"in2DMode":false,"pivot":{"x":-85.29788970947266,"y":2.632350444793701,"z":-29.993146896362306},"rotation":{"x":-0.06018804386258125,"y":0.7252314686775208,"z":-0.06391126662492752,"w":-0.682969868183136},"size":16.376676559448243,"orthographic":false}